Cement,Water,Fine_Aggregate,Coarse_Aggregate,Superplasticizer,Age,Compressive_Strength
498.0,184.0,823.0,846.3,6.84,28,52.08
420.9,183.1,802.1,906.3,3.86,3,23.6
517.5,199.7,893.1,807.5,3.06,28,50.65
480.4,192.6,834.9,893.6,6.85,7,38.58
341.7,151.6,1010.2,701.0,7.28,3,23.82
544.4,153.0,720.7,878.7,10.67,28,60.94
495.1,186.1,783.2,878.0,6.52,28,50.88
500.8,179.2,783.8,825.7,8.46,56,54.68
349.5,165.6,775.4,840.6,4.8,28,43.74
423.6,175.1,840.2,896.2,7.02,56,49.06
405.3,195.5,924.8,761.6,6.22,28,39.35
533.2,199.6,870.9,874.0,9.93,28,49.63
468.1,183.7,885.7,747.7,7.09,1,10.6
509.2,173.1,967.2,690.3,12.13,28,55.34
422.0,166.2,890.2,757.2,5.72,3,24.4
372.3,181.3,870.9,700.6,1.98,3,22.77
447.6,168.9,806.4,791.0,4.35,7,35.43
334.7,183.8,784.7,870.9,5.02,56,36.93
510.4,190.6,778.7,784.7,8.07,28,52.49
465.3,154.0,1032.5,703.8,7.47,90,55.41
494.4,150.1,855.5,719.2,9.54,180,67.79
401.5,162.7,781.5,808.1,4.21,56,48.5
543.3,203.7,881.6,821.5,9.94,3,27.34
525.4,188.8,902.9,666.5,10.03,56,55.92
499.0,160.3,952.0,778.1,6.6,56,60.39
364.8,203.4,905.4,789.8,4.76,56,36.45
427.3,178.2,911.3,652.4,3.67,7,36.39
330.1,178.6,930.1,758.3,4.38,3,19.93
355.5,206.1,916.0,760.4,7.37,90,38.49
477.1,153.6,814.1,887.4,11.06,7,44.07
491.3,162.9,799.4,916.2,8.29,14,53.49
542.5,185.1,1007.3,686.3,5.96,28,55.06
394.9,161.7,900.0,767.2,7.36,3,21.94
405.2,190.8,827.2,787.3,8.02,1,15.59
428.0,162.8,909.5,779.9,4.98,180,53.01
363.6,155.9,799.8,941.6,7.83,56,50.21
349.9,162.4,956.0,711.5,2.27,90,43.92
429.4,175.4,812.0,870.9,2.24,7,36.75
372.2,160.6,934.4,703.0,2.78,7,32.21
474.1,158.1,901.9,799.3,3.85,14,50.04
420.5,201.6,859.9,889.7,9.5,28,40.11
511.5,169.2,719.1,863.0,6.91,1,17.35
481.1,171.6,910.4,680.1,5.05,28,52.48
391.8,153.3,789.9,868.0,5.32,180,54.72
511.4,171.4,753.6,892.7,6.6,28,50.49
505.1,165.9,937.6,726.7,5.57,14,49.65
409.1,186.6,783.8,776.0,3.17,14,38.5
386.3,162.3,829.1,801.7,7.0,3,25.03
477.0,203.3,811.7,854.9,3.69,7,35.6
352.1,205.8,965.0,702.0,7.22,28,31.82
366.0,156.0,831.7,849.8,3.31,14,40.46
321.7,156.4,815.7,878.3,6.31,28,42.04
501.0,156.9,833.1,845.2,10.58,56,56.49
472.9,187.2,820.7,887.4,3.55,7,37.14
482.2,157.3,833.5,841.4,3.25,1,13.8
499.6,201.1,766.5,891.0,11.99,1,10.95
425.6,195.3,791.8,879.4,6.07,3,23.21
450.8,199.2,804.8,765.4,7.94,28,45.96
352.2,181.6,933.8,670.9,1.92,56,40.29
346.3,209.8,759.2,896.3,3.66,56,32.09
473.7,152.7,831.1,893.5,7.16,28,57.67
428.4,174.1,988.3,697.5,9.73,14,44.38
450.0,169.4,915.0,653.1,4.69,7,37.7
495.9,206.9,920.8,747.6,10.17,14,40.59
466.0,184.6,775.0,819.4,8.5,7,35.65
447.3,198.4,870.4,826.4,3.27,56,46.56
448.6,160.2,826.3,889.2,4.88,28,51.66
389.9,208.7,783.1,885.6,3.8,7,25.21
327.1,179.9,845.8,822.5,4.53,7,23.47
420.4,179.6,867.7,750.0,7.44,3,25.75
369.4,208.3,826.2,813.1,5.05,90,35.3
414.0,172.8,933.1,789.7,4.09,3,25.03
516.3,173.9,837.9,856.8,9.77,1,16.66
373.8,185.1,830.1,823.9,6.24,7,27.49
333.4,157.7,923.2,700.4,5.13,56,43.0
384.7,169.3,907.6,652.5,6.19,28,43.51
387.5,161.6,786.6,792.0,3.66,28,46.15
472.2,156.2,851.1,737.5,8.79,14,52.35
448.1,202.0,798.9,825.8,5.71,3,20.55
500.3,185.4,796.4,942.4,6.14,56,54.21
472.8,171.5,925.7,725.3,3.78,7,40.57
413.5,174.5,759.6,837.4,7.0,1,11.7
507.2,175.9,807.3,763.8,8.65,28,53.15
358.4,188.0,846.1,771.5,4.23,3,20.36
325.2,205.6,818.3,894.8,7.22,3,16.44
340.7,206.0,755.1,871.6,7.46,56,33.92
486.1,173.5,856.0,848.5,3.49,28,52.23
426.2,169.8,1014.1,696.5,8.06,7,34.84
357.1,177.1,852.5,719.6,4.6,7,31.42
435.2,184.1,847.9,823.8,10.88,28,47.81
355.0,177.7,794.0,947.8,3.37,3,20.84
480.2,189.5,880.5,749.9,5.09,3,22.99
422.6,183.3,723.7,836.5,5.85,28,44.1
407.6,169.2,921.8,812.9,4.23,28,46.09
389.3,170.7,971.8,754.9,7.34,180,46.23
465.0,172.7,849.6,804.8,6.8,14,45.17
403.2,155.7,821.8,838.7,3.8,3,23.54
340.2,160.0,727.9,864.5,5.15,28,42.19
347.1,193.4,777.6,936.3,7.91,28,34.75
541.2,173.3,848.8,800.9,11.28,3,27.47
529.0,162.9,906.8,650.0,7.92,28,58.37
480.9,183.8,820.7,865.9,5.18,7,37.38
381.2,195.3,932.9,807.2,3.28,56,40.05
542.9,165.4,948.2,767.6,12.25,56,60.99
499.1,199.6,737.1,868.3,9.58,14,41.91
484.9,205.7,738.1,822.5,7.97,90,47.44
423.4,185.8,868.5,869.6,9.56,180,47.41
382.6,190.1,956.5,780.9,2.84,3,20.57
342.2,153.2,854.5,802.0,6.38,14,39.49
527.6,206.7,940.2,738.3,4.92,28,47.55
424.8,173.5,952.9,689.6,3.15,3,23.94
366.5,205.4,921.2,712.8,5.25,14,30.15
390.4,184.7,942.5,631.4,4.98,7,35.55
453.2,150.3,883.8,685.6,10.8,90,58.17
360.7,152.3,922.5,674.0,4.14,14,39.91
517.0,190.8,987.2,730.1,11.01,28,57.0
494.5,183.8,883.6,695.6,9.88,14,46.78
485.5,151.6,909.8,685.6,8.91,3,28.4
419.4,194.6,979.6,680.2,9.82,56,45.65
464.3,201.1,830.4,762.6,6.11,1,10.06
454.3,179.8,863.7,718.9,5.81,3,27.38
469.5,177.9,876.6,786.0,3.86,14,44.09
339.4,150.3,937.9,685.7,3.57,28,42.35
415.6,197.2,862.2,813.0,9.39,7,34.19
329.6,169.8,992.6,739.8,4.77,3,21.09
433.6,202.7,900.6,679.6,5.13,7,33.13
395.9,172.4,1029.7,703.0,3.69,7,34.12
353.2,183.9,843.3,887.2,5.19,1,8.96
343.8,166.2,954.8,761.1,6.65,28,41.23
455.2,159.6,944.6,731.6,4.89,3,30.34
359.2,196.5,988.4,685.6,7.24,7,27.05
532.8,179.8,983.3,694.6,9.37,28,57.66
453.6,182.2,904.9,783.2,9.41,28,49.24
399.8,207.9,833.9,719.4,4.01,7,28.38
455.9,207.8,827.4,914.2,8.03,7,32.9
325.2,201.3,994.0,673.1,2.63,7,22.84
540.5,161.3,833.1,873.2,6.63,90,60.95
430.9,185.7,908.2,717.3,8.4,7,34.06
500.0,202.7,883.9,668.5,8.82,7,36.45
339.0,172.5,852.7,799.2,2.97,14,33.17
431.9,156.1,795.5,856.0,9.57,7,40.29
432.9,198.7,783.2,854.2,2.63,7,31.48
535.7,178.9,935.9,682.0,9.06,3,30.85
451.5,183.9,842.6,757.4,11.14,28,48.43
428.9,208.9,767.4,888.1,6.7,28,40.0
381.4,186.4,906.1,719.0,8.01,28,37.26
396.3,175.5,850.2,893.7,6.7,28,46.85
439.8,172.2,921.4,663.2,9.09,7,36.92
420.9,175.1,801.2,812.7,7.62,90,49.62
325.0,157.1,772.3,836.5,6.12,28,39.52
510.0,197.7,767.5,891.2,4.87,56,50.12
526.1,200.3,869.0,780.8,10.44,28,52.62
352.3,167.1,868.9,809.8,3.44,14,39.06
447.4,168.2,979.1,760.9,11.01,7,39.29
345.0,202.5,835.2,771.9,3.3,14,28.66
474.6,151.4,846.9,841.6,4.62,3,31.16
384.7,181.2,760.8,794.2,8.53,28,41.4
471.7,177.8,788.0,814.5,4.65,1,12.73
487.2,191.4,967.9,674.9,5.95,1,13.31
496.8,159.8,738.8,817.4,9.58,90,59.91
344.8,190.1,1001.2,672.4,2.82,28,34.56
530.7,172.6,841.2,844.5,4.34,28,55.29
372.9,187.1,787.2,912.1,5.49,7,30.45
328.6,152.4,805.7,847.6,3.24,28,40.14
447.6,177.7,766.5,904.3,4.35,56,51.29
405.3,181.3,926.2,703.0,2.1,28,40.38
510.9,162.9,821.0,737.2,6.34,28,55.22
505.9,158.4,785.9,784.1,5.75,28,55.87
392.9,161.3,923.4,757.6,2.21,7,32.8
539.2,170.6,952.6,796.6,9.39,28,58.73
386.9,155.8,917.9,635.3,6.78,180,50.23
438.5,206.8,987.3,674.3,2.81,14,35.07
378.9,174.3,938.7,761.5,4.3,14,40.07
535.3,198.5,982.3,733.0,12.02,14,45.11
357.9,208.5,943.8,715.3,5.96,14,29.13
330.3,154.8,876.7,797.3,4.37,180,43.22
420.1,189.1,,750.6,6.01,28,44.31
548.2,202.3,795.0,926.8,5.03,14,47.06
525.1,188.1,887.5,686.9,11.15,14,48.71
492.2,175.7,1031.2,704.0,11.46,14,48.46
524.9,175.9,719.7,835.5,12.18,1,14.64
525.5,152.2,988.1,729.1,4.98,28,58.43
439.3,182.1,923.5,641.9,4.93,56,46.88
392.7,209.6,768.9,820.0,3.22,28,37.77
497.6,207.5,819.9,730.8,5.54,7,36.23
472.2,152.4,965.7,673.4,5.5,28,54.39
405.9,192.3,960.5,656.4,7.17,28,40.93
341.7,168.1,742.8,840.4,3.0,7,29.06
491.8,204.2,824.0,816.3,11.5,28,44.4
380.4,152.7,904.5,726.0,2.69,28,46.92
535.5,206.2,823.2,880.3,2.75,56,49.77
375.4,200.2,862.1,866.5,8.3,3,17.75
348.2,157.1,762.1,918.4,6.64,7,30.14
511.2,153.6,745.0,829.9,6.19,28,55.61
355.3,200.1,859.8,749.3,6.01,1,8.28
361.2,159.3,949.4,783.2,3.42,14,39.01
457.9,182.1,858.1,709.7,3.83,28,45.6
521.1,204.9,924.6,706.8,7.52,3,27.11
365.2,184.0,890.6,847.9,4.41,28,37.99
391.4,173.8,854.4,885.7,6.77,180,48.72
498.8,176.7,738.3,893.9,4.67,28,51.51
543.5,153.8,809.7,873.7,9.92,28,59.7
435.2,208.1,815.5,825.8,8.85,28,40.82
353.1,168.6,810.8,889.9,2.94,7,28.19
323.2,161.4,705.0,851.3,1.9,3,21.29
372.8,167.2,747.8,831.1,5.14,28,41.27
350.3,207.9,919.9,752.9,7.17,14,30.56
475.9,155.7,869.2,727.3,8.57,7,41.91
348.0,202.0,993.7,689.5,6.63,1,10.55
436.5,192.5,923.1,697.2,5.7,56,43.89
479.7,199.8,924.4,802.9,4.65,1,10.8
453.7,208.6,806.6,907.3,7.09,28,42.74
365.9,200.5,881.3,767.2,3.33,14,33.37
504.9,206.6,782.8,921.8,9.86,28,49.92
484.5,157.6,825.6,778.6,4.33,7,42.1
490.0,197.7,838.5,810.3,5.3,7,39.14
350.1,182.7,817.3,772.2,5.3,28,36.36
348.5,182.6,847.3,874.9,5.13,28,38.68
533.3,203.9,948.0,766.6,9.08,7,36.12
411.4,208.3,997.0,733.5,5.66,14,35.21
389.2,192.3,975.4,750.1,9.1,14,31.43
432.4,179.0,947.9,794.0,9.43,7,33.5
472.5,177.4,846.9,748.8,10.67,28,51.29
539.8,173.2,789.5,946.9,9.5,3,27.96
385.9,171.7,929.4,734.9,6.83,28,44.22
532.7,173.5,869.1,765.4,9.15,3,31.64
325.7,155.4,815.4,846.6,4.46,28,39.54
447.7,154.6,807.9,810.6,5.12,7,38.8
465.8,196.8,949.1,658.6,7.84,28,44.63
344.4,176.8,868.9,729.4,1.9,14,31.47
352.3,205.8,816.7,749.7,1.81,90,33.76
416.4,186.7,895.8,753.5,9.17,28,43.45
542.2,152.1,884.6,842.9,3.21,56,62.56
457.1,159.5,872.4,803.6,7.08,7,43.54
534.6,162.3,816.4,837.8,9.25,14,51.7
505.0,208.5,844.0,791.7,4.53,3,27.12
427.5,163.1,908.2,734.6,9.8,14,43.27
500.5,180.9,725.9,866.0,4.41,28,51.1
324.1,206.2,976.0,738.6,7.35,56,32.89
345.1,208.6,782.8,806.8,6.99,28,33.19
510.8,164.2,935.4,758.0,5.01,28,54.84
503.3,152.9,930.0,772.0,4.03,7,44.82
373.5,159.2,912.2,752.7,4.23,1,12.58
442.1,153.8,932.3,790.3,5.73,28,51.99
459.4,161.7,955.1,653.1,4.56,7,40.9
519.6,184.1,908.5,817.8,12.98,3,31.73
458.7,204.7,949.4,746.4,4.4,90,46.86
414.9,182.2,950.3,759.4,8.97,90,48.49
406.1,187.6,817.0,866.0,3.32,28,42.43
418.0,162.1,846.7,872.5,10.28,14,41.97
469.9,198.0,898.1,850.5,4.47,56,48.33
519.5,187.1,803.4,830.7,6.98,7,37.63
424.4,201.8,865.0,847.8,6.86,14,35.83
377.0,206.9,864.1,834.8,2.79,14,34.94
374.4,170.9,886.9,753.7,7.99,90,45.34
491.6,155.4,838.2,897.2,5.16,90,59.31
507.8,163.6,929.5,699.4,8.12,28,58.21
344.2,176.3,857.5,805.6,5.5,3,18.56
335.3,206.7,873.5,697.7,5.72,28,29.48
456.7,172.7,737.3,857.8,2.79,7,39.5
353.6,196.2,894.3,823.9,2.96,56,35.84
509.7,182.4,740.1,889.2,4.19,3,24.75
391.4,161.0,898.1,730.7,4.32,3,25.81
353.1,169.2,802.1,797.1,2.79,28,38.99
531.8,189.2,976.4,671.9,12.47,28,55.32
358.1,190.4,853.2,857.9,5.46,56,37.02
385.5,176.1,924.3,804.7,6.74,3,24.68
355.3,163.7,764.2,799.8,4.32,56,47.2
346.6,193.3,904.1,760.9,3.65,1,8.0
324.9,160.1,854.7,788.8,4.89,1,10.0
332.7,206.2,845.8,827.1,3.62,28,30.51
360.2,161.3,787.8,851.6,4.28,7,31.19
332.3,156.4,760.6,869.1,4.67,28,41.48
456.0,179.9,769.5,874.8,6.89,1,12.32
476.6,181.2,999.6,666.8,11.76,1,12.74
410.5,180.5,844.6,805.5,3.89,28,43.44
393.1,176.2,740.5,904.0,5.8,7,32.98
436.0,209.7,1016.0,697.5,3.48,28,39.83
521.3,179.2,769.7,929.4,6.26,28,52.25
515.8,178.7,829.8,788.4,9.98,3,27.78
330.0,175.3,953.6,756.5,2.8,28,35.44
361.7,154.0,1010.4,710.3,6.01,7,34.41
374.5,185.6,880.3,700.4,4.99,14,34.43
377.4,163.7,865.8,800.7,2.28,3,23.92
451.4,188.3,958.1,649.0,10.68,56,45.44
415.7,153.1,774.0,923.8,5.52,28,49.47
331.3,208.9,955.5,642.2,6.85,28,28.97
405.9,178.1,972.5,711.8,5.41,90,45.56
440.5,203.8,943.5,657.5,10.46,7,34.99
343.4,178.5,806.6,845.6,3.71,56,38.79
511.7,153.6,820.1,919.7,6.78,28,58.9
332.0,199.3,893.6,732.6,6.7,90,32.94
532.7,188.9,909.8,815.3,6.33,90,56.09
342.8,196.9,923.5,823.9,4.21,180,33.83
514.0,175.7,1015.5,709.5,12.8,3,28.8
527.6,188.3,859.7,723.5,8.5,28,50.53
545.3,201.4,851.2,862.7,10.24,56,53.28
504.5,187.9,793.8,762.6,9.01,28,46.03
499.3,170.9,765.5,863.2,10.76,7,39.26
467.8,189.8,825.6,898.5,10.4,90,53.61
499.2,190.3,795.8,892.0,8.12,7,39.38
350.9,207.6,946.8,709.8,3.82,28,33.97
443.3,172.3,904.5,723.1,2.42,28,50.09
438.3,175.5,906.8,805.6,7.58,7,37.64
517.2,198.7,856.4,835.5,11.13,28,48.7
426.4,180.3,904.5,739.2,5.97,3,22.5
408.6,194.2,988.6,739.9,3.39,28,42.12
467.1,177.6,929.2,666.8,5.03,56,52.03
381.3,162.9,842.8,741.3,5.8,7,38.84
352.1,194.7,961.8,716.8,7.65,28,34.06
429.9,157.9,918.8,825.6,3.63,7,41.98
415.9,161.9,833.6,765.9,7.17,56,51.21
373.5,187.6,927.7,672.3,7.49,90,43.93
404.5,194.8,801.5,776.4,9.6,7,33.9
404.3,203.7,877.2,844.9,2.96,28,35.8
395.3,166.4,790.8,804.4,9.3,28,45.02
407.3,156.6,871.2,779.4,6.94,28,47.45
477.7,207.4,929.6,818.6,9.71,28,42.35
388.3,159.3,852.4,700.0,2.36,28,46.8
538.2,161.9,854.9,806.4,8.14,28,58.33
530.8,167.5,797.6,854.9,9.26,7,43.65
430.6,181.8,992.7,718.8,4.8,14,41.9
395.5,203.0,813.6,807.4,5.39,56,36.18
443.2,195.6,960.4,671.7,7.13,3,25.8
515.2,192.5,761.9,821.7,8.27,28,49.78
470.1,160.5,906.8,791.3,2.74,7,41.15
505.0,171.5,905.5,801.4,6.96,56,58.04
442.5,178.7,905.9,671.5,4.11,28,49.15
465.6,158.8,766.8,861.9,10.86,14,48.97
386.3,166.4,1013.8,714.8,9.48,7,30.47
489.0,168.5,821.3,729.2,5.38,14,48.26
366.6,157.6,865.9,743.8,3.12,90,47.84
479.8,183.0,874.6,786.4,4.51,28,47.11
518.0,192.3,736.3,880.5,7.54,28,50.82
350.4,154.2,841.6,762.8,7.88,28,43.4
461.3,178.9,803.8,838.2,6.92,14,41.89
341.9,196.9,795.4,790.9,2.09,14,30.4
486.9,194.9,906.4,749.5,2.82,7,34.5
339.4,198.9,887.4,804.0,3.24,7,23.62
535.3,176.9,772.6,892.5,11.7,28,54.6
351.6,199.2,723.1,845.6,6.13,56,37.71
540.5,164.4,821.4,897.5,8.79,90,62.73
504.2,171.6,758.6,826.4,5.74,56,56.7
456.5,160.6,921.7,781.2,10.77,28,52.25
500.0,178.0,773.2,848.9,5.81,7,40.49
502.9,173.5,993.7,712.9,10.91,28,56.14
537.6,164.5,766.1,825.1,12.32,90,64.04
378.3,195.1,736.0,851.3,5.55,28,38.57
455.7,168.8,958.9,690.5,10.43,28,52.04
341.9,166.4,769.4,787.2,3.6,28,36.9
461.7,157.9,819.6,775.5,8.39,28,52.42
359.4,176.3,1006.5,688.3,2.43,90,41.15
449.9,168.2,1016.2,701.3,6.51,28,48.93
451.7,172.2,872.7,693.4,4.22,14,42.48
427.2,164.2,794.7,931.7,2.67,7,33.42
440.2,195.8,921.4,788.1,2.23,28,39.82
495.7,205.8,1031.5,692.4,5.7,7,34.51
503.8,179.9,1000.4,689.3,8.46,90,56.05
433.2,188.6,785.0,899.9,6.11,28,42.74
457.9,202.0,843.1,812.0,5.05,28,43.52
534.2,209.9,835.8,844.8,13.26,7,36.39
347.5,186.8,814.0,919.9,8.27,28,37.88
346.9,203.4,870.2,699.9,2.61,28,31.37
340.2,204.5,792.2,821.0,4.53,3,18.0
471.3,197.5,785.0,779.5,8.47,56,48.78
416.3,177.7,806.1,932.9,8.19,14,38.47
498.1,154.9,860.0,779.0,6.14,14,51.67
474.4,150.9,798.3,886.8,9.45,7,41.17
396.7,178.6,884.6,833.7,2.97,28,41.95
526.6,179.7,824.3,923.9,,28,52.25
495.4,174.4,938.5,643.9,9.58,56,56.39
382.2,184.1,806.6,903.3,6.69,3,19.22
403.8,183.1,912.6,814.9,8.78,180,46.92
392.3,200.2,748.0,811.8,2.33,28,37.97
356.3,156.5,784.8,916.0,3.02,7,34.66
354.0,163.5,778.6,842.3,2.11,7,29.86
535.3,197.6,769.7,910.0,4.73,7,38.35
420.7,200.9,778.3,874.5,2.14,56,41.92
408.2,209.7,839.5,762.5,6.16,7,31.43
487.8,202.4,863.9,713.2,7.59,28,43.53
447.2,203.4,728.6,844.8,8.12,28,40.95
535.3,168.9,810.7,760.0,6.8,56,64.82
499.5,174.1,901.2,776.4,2.53,28,51.21
430.3,166.1,786.1,834.2,7.95,28,45.83
406.6,186.4,805.9,787.4,2.47,7,30.43
546.9,206.3,778.0,910.4,12.21,56,48.0
485.1,170.7,815.0,872.3,2.65,7,39.71
538.8,183.4,862.1,795.7,8.41,3,30.5
347.3,167.8,1039.7,697.3,7.95,180,42.39
515.6,160.2,975.3,651.7,8.48,7,43.05
466.5,161.7,1025.1,692.1,8.01,3,30.34
348.0,153.5,803.6,761.4,6.48,28,40.72
455.3,207.0,784.6,913.3,3.39,7,29.5
477.8,174.2,871.3,876.4,8.84,3,27.28
322.8,200.0,835.0,884.3,7.3,28,28.86
424.5,190.9,753.2,912.7,10.39,28,42.67
509.8,161.5,777.8,897.5,7.07,28,54.35
387.9,160.5,839.5,781.2,4.61,7,35.54
425.5,198.7,844.5,841.3,8.54,28,41.31
421.7,165.9,812.9,891.1,6.69,56,51.98
389.4,204.8,975.3,774.4,3.95,7,28.02
531.2,158.4,830.1,818.4,4.49,7,44.8
499.7,190.7,902.6,659.6,4.2,1,10.28
345.4,198.9,811.5,857.7,4.9,28,33.79
549.3,164.1,835.3,738.5,4.62,7,43.76
522.2,166.6,763.7,835.3,2.82,28,54.79
385.3,207.9,847.1,768.6,2.33,90,39.31
512.5,165.9,802.1,894.1,12.09,7,41.68
344.5,175.8,752.5,834.3,2.23,28,39.44
549.8,176.0,857.8,725.3,,7,44.74
473.1,165.2,763.2,795.8,6.63,1,15.33
469.5,196.5,820.7,904.0,4.65,28,43.6
340.8,196.3,995.4,693.3,8.27,14,26.06
526.3,172.7,711.1,846.8,12.22,90,61.94
326.7,200.1,831.9,723.7,4.28,28,30.59
375.4,162.8,884.4,777.3,5.25,7,32.5
352.9,150.3,783.3,823.2,4.41,14,42.85
498.7,184.3,864.6,804.8,2.87,7,36.34
365.6,209.6,758.2,878.8,3.97,56,33.87
529.4,152.3,968.3,766.4,3.95,28,60.2
470.9,162.5,776.9,830.7,3.32,7,38.07
328.3,181.1,807.5,878.3,5.32,28,34.49
321.2,198.6,776.1,784.7,2.24,28,31.53
331.9,155.3,1019.2,722.0,2.34,28,40.87
459.4,173.7,994.4,751.8,6.71,3,29.02
504.3,194.8,1005.2,692.7,6.98,1,14.95
374.9,172.3,900.0,743.0,2.91,3,22.24
515.4,161.3,875.8,718.2,2.62,14,46.28
333.2,161.7,893.9,818.6,2.95,28,37.32
504.2,174.6,994.2,703.0,4.9,3,29.72
533.4,178.8,839.7,754.7,11.2,14,46.95
497.6,201.7,825.5,814.8,11.6,14,42.38
480.6,188.5,896.9,745.6,6.3,3,26.55
512.7,191.4,912.4,802.9,6.72,90,56.72
329.2,209.0,790.4,896.3,6.34,28,28.18
366.4,174.7,854.3,824.4,6.43,14,35.69
348.7,174.2,834.9,845.0,3.03,28,38.05
436.0,205.4,925.6,678.5,3.12,7,31.38
491.4,164.8,823.3,801.1,6.76,56,57.16
464.9,193.8,893.7,665.4,7.58,28,47.91
515.8,195.3,881.6,825.8,4.01,28,47.59
355.7,155.9,921.4,715.2,3.86,90,47.17
489.0,178.1,770.2,867.5,5.44,56,54.57
364.4,162.0,941.4,657.7,3.73,56,44.55
382.3,161.1,831.1,760.8,5.43,7,36.24
483.3,177.8,815.4,852.2,8.73,7,39.3
545.4,167.4,776.3,820.2,8.28,28,59.36
460.7,197.8,765.4,797.4,4.16,28,44.6
332.5,204.5,860.3,843.2,2.35,28,30.46
461.8,198.2,906.3,719.0,9.9,28,43.9
329.7,166.0,963.3,662.7,4.81,7,28.09
523.4,166.4,900.5,735.7,3.27,7,44.48
483.2,165.3,911.4,801.6,4.91,28,54.45
359.8,158.1,835.0,779.2,7.59,7,31.82
341.1,206.6,977.1,724.5,6.83,28,31.37
362.2,174.1,1003.6,734.4,8.16,28,36.14
545.4,163.5,830.9,851.3,9.29,28,57.91
425.5,200.8,970.4,666.0,5.73,28,42.54
500.3,174.0,865.5,834.0,6.77,28,52.83
466.4,152.1,935.7,705.9,4.14,28,55.1
451.7,159.7,971.6,661.3,8.14,7,34.74
353.4,188.4,919.5,735.6,5.9,28,35.38
537.6,197.0,765.2,848.3,4.35,28,50.96
389.3,162.7,845.0,725.9,8.84,7,36.08
452.9,205.0,763.9,869.0,5.6,28,44.19
480.9,201.1,895.1,679.7,2.88,56,46.88
469.3,200.9,803.3,828.8,5.42,7,33.79
536.3,163.7,920.9,740.5,12.01,28,56.06
354.1,153.0,1018.3,717.9,8.27,90,47.82
436.9,202.0,743.0,814.2,6.47,56,41.77
412.9,168.3,852.1,822.2,9.96,14,39.44
429.1,187.1,898.0,743.5,9.66,28,42.45
347.4,195.6,797.1,756.9,7.47,180,39.98
350.8,157.7,761.9,838.0,7.79,28,42.7
384.0,196.9,715.0,858.7,4.85,3,20.53
390.1,206.3,814.2,779.2,7.85,1,8.72
418.4,193.7,878.5,726.4,6.92,28,38.58
460.5,176.5,874.0,756.3,8.93,14,46.6
466.0,202.6,783.9,871.9,3.99,7,29.44
414.7,181.6,802.4,747.8,8.14,7,32.74
414.0,194.7,799.8,782.6,10.0,28,41.28
370.1,199.2,770.4,798.3,4.09,28,35.79
455.3,195.0,928.6,731.4,11.26,56,46.33
392.9,167.3,802.2,813.6,4.94,28,41.65
328.3,157.1,881.3,778.4,2.95,180,42.27
416.2,164.3,938.3,656.1,3.02,56,48.49
429.1,180.2,825.5,729.4,8.88,7,33.67
371.9,180.3,943.1,795.2,5.99,28,41.65
451.7,185.0,724.5,847.1,5.03,1,10.06
450.1,173.7,751.0,824.4,7.73,180,54.42
481.5,197.2,734.6,844.7,5.61,7,35.72
469.0,204.8,986.1,760.1,6.55,28,45.75
470.1,164.8,962.9,710.6,10.46,56,55.76
392.7,194.2,799.2,872.9,7.21,7,31.36
501.1,190.7,843.8,903.6,10.15,56,52.27
446.3,181.4,781.5,786.2,7.44,1,13.22
419.2,161.3,939.9,805.0,10.41,14,42.17
464.0,197.7,864.2,726.6,4.56,28,39.89
403.0,207.6,926.1,748.5,4.13,14,34.26
437.9,193.3,957.2,676.8,3.0,28,43.57
489.4,205.1,804.1,822.7,7.87,90,50.2
523.9,209.1,952.9,783.4,9.05,7,35.58
531.8,171.1,843.6,736.3,10.38,28,59.06
435.8,188.3,867.5,881.9,5.1,56,45.87
439.7,178.4,952.9,672.9,2.31,28,46.59
504.0,209.2,779.9,899.8,8.89,1,13.29
392.3,155.6,970.8,772.8,9.8,90,55.07
512.6,174.7,873.2,688.3,5.58,1,13.56
433.7,202.5,1018.7,715.9,3.76,28,39.62
346.6,167.0,878.0,785.6,3.69,28,37.09
336.6,197.3,842.5,848.4,4.55,28,34.95
513.7,173.0,907.1,672.8,5.15,3,29.71
332.8,208.8,937.1,719.6,3.97,7,23.25
384.5,203.0,884.5,800.2,6.83,28,42.13
396.8,168.1,927.6,713.7,4.72,3,24.82
359.8,196.2,775.0,806.0,4.65,28,32.65
392.2,170.2,860.8,738.0,2.27,28,42.98
490.8,186.4,997.7,723.2,11.46,28,48.22
323.4,189.5,774.9,782.0,4.25,7,23.83
510.2,199.8,884.0,807.8,5.9,7,36.08
517.0,151.5,1037.1,712.8,3.48,90,61.82
405.6,163.2,883.9,667.6,7.17,14,40.55
355.3,192.7,922.5,659.7,7.92,1,12.24
458.2,183.8,855.5,829.3,2.67,7,36.0
347.5,179.7,936.4,625.6,2.75,7,27.55
403.9,153.3,788.8,879.2,3.2,180,54.99
540.4,170.9,890.3,796.5,9.21,7,44.32
549.0,201.9,870.3,797.3,12.86,1,14.04
497.6,151.9,924.7,698.3,6.84,28,59.22
391.5,173.8,990.5,698.9,4.65,3,23.45
478.2,206.7,934.0,734.8,9.71,7,35.35
482.2,153.1,865.8,725.7,9.57,180,63.7
409.2,195.0,854.8,807.8,4.07,28,40.47
467.4,165.5,909.0,817.4,3.84,3,27.4
322.5,202.0,886.1,797.3,3.92,14,29.47
368.1,194.8,745.0,899.4,7.55,7,27.01
440.8,203.1,848.3,766.1,8.33,3,23.33
357.7,163.0,906.4,660.7,6.55,28,43.24
358.2,181.9,889.6,709.3,7.73,28,37.08
512.3,196.8,883.8,668.5,5.4,28,47.37
547.5,164.7,888.6,858.7,6.46,56,60.88
447.9,163.8,844.0,750.5,2.62,7,37.31
513.0,151.6,779.4,933.5,11.48,90,61.59
547.8,207.5,803.7,780.1,9.12,28,48.73
352.6,192.6,837.4,769.4,3.86,7,27.04
423.1,188.1,797.7,836.0,2.7,56,47.07
410.3,194.6,734.3,880.6,7.99,1,11.8
338.4,181.9,946.4,763.3,6.76,28,31.16
493.7,178.6,897.4,844.2,9.05,28,52.96
419.8,177.0,883.8,841.2,3.81,7,33.34
427.9,188.4,770.6,810.1,9.96,56,47.26
354.7,162.1,905.0,800.4,7.12,7,32.39
361.6,203.3,814.6,765.0,6.57,56,35.5
528.6,198.7,902.9,829.8,9.53,3,26.84
330.3,171.0,888.2,765.4,7.62,7,28.54
373.6,184.7,729.3,888.0,8.8,14,38.05
387.2,158.5,926.9,654.5,6.55,56,49.28
432.7,208.3,715.1,837.2,5.77,3,23.48
454.9,204.2,828.0,771.6,5.58,56,46.82
433.5,205.3,833.7,899.1,9.27,7,32.53
339.3,169.9,903.6,805.9,6.07,28,35.45
376.0,160.1,858.1,885.9,2.46,14,42.09
514.0,162.7,909.1,661.0,4.03,3,29.19
466.6,155.4,850.0,818.4,10.73,90,60.68
469.3,157.2,874.1,727.3,10.65,14,48.03
474.1,154.3,808.3,850.3,11.4,28,53.95
495.5,209.4,731.0,883.1,6.72,28,48.87
333.4,154.4,820.4,786.3,6.89,28,40.2
404.3,158.0,883.1,781.7,8.72,28,50.91
444.1,199.6,823.4,763.3,5.02,56,45.19
397.8,184.8,976.9,666.9,3.15,28,40.15
514.2,196.5,934.2,745.9,12.83,28,49.7
431.0,187.9,944.4,631.3,2.42,28,40.73
496.8,202.9,858.1,878.0,8.42,28,46.88
516.0,188.3,938.4,712.7,9.29,14,44.65
436.1,181.3,914.1,799.8,8.13,28,45.54
529.2,192.8,910.6,770.2,5.35,14,47.77
455.0,176.8,1011.6,680.4,8.84,28,49.39
515.6,170.8,928.1,765.2,4.81,90,55.9
398.3,178.1,1008.8,716.2,8.6,90,48.21
434.7,160.2,934.8,737.9,4.08,56,53.03
442.2,197.8,753.2,852.4,8.37,28,42.33
344.1,165.6,871.2,698.7,7.11,28,41.69
411.7,159.2,873.5,797.8,3.61,7,36.62
531.0,164.8,918.9,644.3,5.18,28,54.76
465.1,200.5,912.6,685.6,9.57,7,37.55
360.8,169.8,727.4,834.8,2.42,1,10.6
397.9,191.2,780.2,879.5,3.51,90,42.61
364.1,201.4,728.4,853.6,5.14,56,35.63
325.7,154.7,876.1,795.9,7.69,28,43.09
533.3,195.9,789.4,918.8,8.66,7,38.06
423.1,168.5,957.6,756.8,5.4,28,44.85
390.7,163.0,858.9,753.0,9.6,14,40.71
457.6,191.3,955.0,704.8,6.53,56,50.65
321.7,204.6,817.9,844.7,4.4,180,33.23
383.9,167.7,868.1,776.5,5.08,7,33.12
481.7,184.1,786.1,894.9,5.42,7,39.98
465.8,167.4,927.7,664.4,5.36,7,40.68
545.8,183.3,831.5,914.4,10.24,3,28.94
462.7,187.3,730.4,839.2,2.69,14,41.47
429.8,186.6,824.9,890.9,8.01,1,12.35
495.1,187.4,952.8,716.0,4.47,3,24.95
527.8,158.1,744.9,854.1,6.69,7,44.75
485.8,191.6,921.2,777.9,3.85,7,36.78
541.5,190.5,880.5,686.4,8.69,28,49.72
499.9,191.0,959.3,745.6,9.79,3,26.36
519.4,154.4,798.2,869.8,6.28,56,61.46
346.2,176.8,722.0,850.2,2.86,7,30.26
488.5,174.5,810.1,755.8,4.66,3,24.39
421.2,155.2,816.7,883.5,9.0,1,12.83
447.2,163.3,892.6,716.0,4.63,28,49.91
470.4,176.5,870.0,857.9,9.64,7,40.25
543.1,194.6,880.8,821.6,6.31,28,51.62
546.5,164.2,789.1,900.5,4.79,3,34.38
386.3,199.8,859.3,746.4,7.55,180,42.17
488.8,182.7,808.4,883.4,7.02,3,26.29
492.5,195.6,960.0,779.6,2.77,14,42.83
399.7,178.4,722.5,845.8,9.67,56,45.24
348.5,180.0,963.3,651.9,2.77,7,29.56
329.4,187.2,882.6,714.3,3.98,7,23.02
498.8,205.7,777.3,851.4,6.33,56,47.28
432.6,179.5,767.9,930.6,6.4,7,36.05
546.7,181.7,822.7,822.1,11.32,1,16.78
426.9,186.1,787.0,877.1,2.19,14,35.06
544.9,194.3,778.6,834.2,12.89,1,16.35
414.7,154.3,916.8,661.4,7.43,90,54.24
502.5,180.9,866.6,736.8,12.07,28,48.74
339.5,178.9,820.4,901.5,7.25,28,31.29
447.8,205.3,891.2,779.3,10.55,7,29.62
504.5,179.6,793.9,831.7,8.59,28,52.33
532.7,178.1,1018.7,689.3,,28,54.23
509.2,207.7,711.0,851.9,7.06,3,26.28
328.5,177.0,896.2,704.6,5.97,56,36.64
405.7,160.9,903.3,692.8,5.49,28,45.86
331.2,163.0,803.8,943.3,6.5,28,38.68
345.1,155.7,804.6,886.6,2.36,7,32.11
475.3,150.0,849.6,824.0,10.27,3,31.16
484.0,175.9,899.9,651.1,4.4,28,49.36
498.0,196.2,841.9,745.0,11.89,28,50.18
519.1,194.0,919.6,757.6,4.21,14,43.82
490.1,151.9,922.6,703.3,3.72,1,13.37
504.2,184.2,996.2,738.7,10.71,56,53.29
331.3,159.3,888.0,815.0,7.08,7,32.8
373.9,206.5,862.9,776.6,7.39,7,26.31
463.0,160.0,948.0,751.9,11.21,28,52.48
517.4,187.6,854.2,890.9,5.39,3,29.14
321.0,169.6,949.5,692.7,6.91,3,23.51
438.4,188.5,760.6,917.9,5.28,1,12.13
475.8,174.7,831.1,902.6,7.49,90,57.2
326.8,195.6,911.9,687.8,4.55,7,25.79
412.3,163.8,865.5,861.9,2.11,28,45.59
526.0,204.3,741.6,828.0,8.67,180,53.6
474.5,180.0,802.9,876.8,9.47,28,47.66
374.7,195.4,903.8,802.7,3.18,28,36.04
516.1,201.0,965.2,707.8,12.2,28,47.85
400.0,209.9,759.6,889.5,6.24,14,32.52
516.3,163.4,760.7,912.8,4.42,28,54.63
388.8,167.2,821.4,758.9,6.97,90,47.77
455.8,165.0,945.4,647.7,4.03,28,51.83
411.3,165.8,788.9,815.1,2.58,14,41.79
383.2,184.9,991.5,678.0,,7,27.3
523.9,209.6,955.4,683.0,3.78,56,47.93
363.1,209.4,787.4,811.5,2.59,3,14.62
339.5,181.6,988.5,738.0,6.72,56,38.42
398.6,188.3,898.3,726.5,2.43,7,31.46
485.1,201.6,863.5,775.7,10.28,28,46.81
505.7,206.0,837.9,794.0,10.58,56,48.31
549.7,162.2,907.9,678.5,4.3,28,58.84
388.2,181.7,965.1,731.2,5.97,7,30.67
413.8,200.0,924.0,715.7,2.87,56,39.31
351.5,168.2,931.5,621.7,6.2,14,38.0
452.2,176.4,909.4,833.4,2.83,7,37.83
549.4,209.1,978.3,734.9,13.13,28,51.61
481.2,209.1,981.9,712.8,4.41,14,38.56
456.9,204.4,830.4,893.4,8.52,28,45.42
410.2,197.9,790.0,941.3,3.1,3,20.29
530.5,166.1,826.1,791.4,4.88,14,52.39
434.3,169.3,967.4,704.8,6.09,56,50.29
350.9,182.8,824.8,847.0,5.78,1,9.37
404.0,183.6,889.9,713.5,10.09,28,38.4
335.4,180.3,719.2,875.2,1.85,28,34.28
366.5,188.2,791.6,781.2,1.83,56,38.71
324.1,174.5,912.1,769.7,3.89,28,34.69
424.3,195.0,801.0,905.2,5.23,56,47.29
465.9,170.0,994.9,707.3,10.57,7,37.26
399.0,169.8,763.8,849.5,9.28,14,40.15
416.7,157.6,933.1,657.9,9.42,90,52.31
540.6,161.3,791.6,849.1,4.25,56,60.19
493.0,201.0,994.2,665.2,6.53,28,48.52
444.4,176.8,937.5,796.3,8.85,28,50.73
385.4,163.7,798.1,926.9,4.34,28,43.67
526.3,195.6,796.9,936.3,9.61,3,25.97
374.1,183.2,793.4,926.7,3.64,56,39.08
394.8,151.3,938.5,804.4,4.53,56,54.07
529.1,169.0,938.9,704.2,11.75,28,58.73
441.8,160.6,796.0,763.5,4.42,7,38.71
490.7,189.4,809.6,757.2,11.92,7,35.21
455.9,166.5,876.5,751.5,5.07,3,25.01
470.3,153.9,848.7,752.8,2.57,28,54.47
388.9,153.3,876.3,707.7,3.93,28,48.74
375.5,184.9,906.5,834.2,3.16,7,25.82
394.2,151.3,885.2,703.8,5.97,28,48.69
355.8,200.9,1044.4,697.5,2.58,180,39.13
521.1,159.3,855.4,846.8,9.13,3,30.91
385.1,186.4,758.3,919.9,8.67,28,42.85
449.1,176.7,790.1,895.1,5.5,28,49.25
502.2,176.6,861.5,754.8,4.2,7,37.74
500.3,154.3,842.4,836.9,6.5,28,57.03
420.8,198.2,938.1,649.2,8.72,28,40.98
429.5,203.6,945.4,792.1,7.23,7,29.49
548.8,150.7,850.4,760.0,3.85,7,44.72
475.2,160.7,912.1,688.9,7.48,56,59.91
507.4,204.2,827.1,865.1,7.29,7,34.39
527.6,183.0,963.3,718.0,6.09,28,54.85
501.1,159.0,738.9,901.4,3.61,28,54.86
362.6,162.2,910.3,766.2,8.93,56,45.74
449.3,189.6,933.7,648.2,3.83,28,45.83
343.4,193.5,957.2,727.5,3.04,56,34.09
470.2,186.0,927.3,676.9,3.72,28,48.32
539.7,207.2,817.6,787.0,8.85,14,41.06
437.9,179.6,907.7,674.7,6.08,14,42.95
419.6,168.0,861.0,755.5,4.19,14,38.28
328.2,178.6,877.3,739.0,4.46,14,31.41
540.7,171.6,752.9,888.0,9.99,3,32.11
343.7,163.5,762.6,825.4,3.65,14,37.67
329.4,152.8,846.2,742.4,7.68,14,35.67
376.6,171.1,760.9,897.5,4.19,1,9.04
335.1,192.7,884.4,691.4,3.0,7,23.62
424.7,151.1,972.2,715.6,10.23,28,52.91
438.7,176.4,1022.5,716.3,9.31,28,43.98
391.9,188.6,760.9,874.5,4.65,56,42.09
331.7,186.6,1022.5,707.7,7.24,28,34.57
345.7,196.6,722.3,847.4,5.32,56,34.74
408.4,198.6,812.2,746.4,4.87,28,40.48
333.9,192.7,976.0,718.3,7.28,3,18.15
480.6,156.2,783.9,918.3,9.63,180,60.39
367.6,178.5,778.1,940.5,4.03,1,8.0
389.5,186.2,708.5,852.9,6.67,28,40.76
410.6,164.7,898.2,807.2,5.09,28,45.6
415.8,152.6,929.3,696.1,2.09,7,36.92
320.4,163.4,755.6,855.1,7.76,28,38.92
345.8,177.3,742.7,841.9,5.53,14,36.67
518.4,174.8,936.3,812.9,8.8,3,29.21
320.3,160.6,758.2,804.6,5.44,1,11.19
436.9,199.5,959.8,755.6,7.0,3,20.16
432.6,205.5,994.1,683.8,4.67,3,22.12
396.6,162.1,958.7,738.4,9.69,28,46.96
419.2,205.8,984.2,708.1,7.31,28,41.64
499.5,151.1,908.9,812.7,9.2,28,57.7
513.5,205.5,912.1,674.6,7.24,28,47.08
379.9,207.1,740.1,810.1,4.09,1,11.11
394.2,150.7,768.5,901.2,2.48,7,36.78
375.8,195.8,888.8,732.0,4.51,28,34.76
430.4,208.2,720.9,853.8,3.67,90,47.01
477.1,204.4,926.7,660.5,8.7,14,38.85
372.5,208.2,895.0,721.3,8.41,3,18.33
396.1,183.0,927.2,636.8,4.38,28,42.09
534.0,154.7,776.1,785.2,6.23,56,63.45
331.2,201.0,906.3,826.9,6.1,14,27.72
426.0,186.8,905.0,707.4,3.4,7,32.68
483.7,186.9,849.5,896.9,11.41,1,12.61
354.6,175.0,925.9,816.9,4.35,28,36.95
330.9,184.3,866.5,712.0,2.32,90,40.06
351.8,159.2,1010.4,682.6,2.99,28,41.62
531.3,194.4,938.1,732.0,12.57,7,40.39
322.1,154.5,789.6,898.6,3.2,28,39.31
363.3,193.8,818.0,751.2,6.63,56,37.45
327.2,200.9,854.7,733.0,2.66,28,29.11
345.4,178.3,738.8,826.5,3.07,56,36.06
462.6,180.6,860.1,810.7,10.45,14,44.04
375.6,168.7,860.7,886.6,2.99,7,31.57
450.9,208.2,788.0,896.4,2.42,28,42.93
455.7,194.0,891.4,800.7,6.85,28,42.98
515.4,172.1,829.5,917.4,11.47,180,59.25
321.1,160.5,907.8,777.8,3.7,28,36.77
516.3,163.2,740.8,817.3,3.9,14,53.24
462.4,177.8,962.6,760.8,11.4,14,43.32
357.4,206.6,777.9,845.1,6.62,28,33.92
497.8,194.0,906.4,644.5,10.96,14,46.07
516.8,162.9,749.6,901.8,10.36,28,56.9
378.5,201.6,917.9,819.5,7.18,14,30.34
531.3,172.7,797.6,803.9,6.74,14,47.91
424.5,201.1,797.4,850.9,4.88,28,42.11
458.8,164.5,825.2,759.5,8.87,3,25.79
546.5,187.1,899.9,661.6,10.57,28,54.65
403.2,205.6,919.8,646.3,9.68,28,38.23
507.0,165.5,840.1,855.4,8.3,28,56.37
393.2,191.6,815.1,907.7,4.28,28,40.22
503.8,209.2,880.9,697.7,7.45,28,44.41
458.2,159.0,863.8,743.9,7.91,56,54.51
369.8,155.3,763.0,826.0,5.0,14,42.6
415.2,190.5,877.3,678.1,8.65,7,31.17
393.1,170.4,876.6,784.1,6.56,28,39.54
338.0,154.3,926.1,763.9,1.75,28,42.4
326.9,178.5,846.3,833.2,5.36,28,33.24
399.7,195.2,839.6,788.0,7.06,28,40.52
324.4,167.1,792.4,868.6,7.56,28,40.15
358.1,170.1,884.0,684.8,4.75,7,31.0
486.8,200.7,748.6,832.2,8.03,28,48.29
482.9,181.2,984.1,752.3,7.0,7,38.54
489.9,200.6,969.8,732.5,7.66,14,45.2
392.9,176.8,974.8,759.7,2.49,28,40.07
524.7,207.2,785.1,948.3,12.04,28,48.42
456.6,189.0,824.8,855.1,10.6,14,43.4
349.0,157.0,903.0,832.7,5.57,56,44.96
353.1,203.1,880.9,752.4,5.7,28,35.08
479.4,179.4,911.6,639.1,2.95,28,48.38
359.8,158.5,791.2,771.3,6.1,90,50.93
436.7,159.2,913.7,658.2,5.93,14,50.2
548.1,191.3,744.5,824.5,10.51,28,53.75
320.9,152.8,819.4,800.9,1.91,7,31.3
323.8,167.2,773.9,916.4,6.22,7,30.75
548.4,158.4,958.9,749.2,5.89,7,43.43
454.5,176.5,788.3,879.7,8.2,3,23.97
349.2,174.9,771.6,807.7,6.13,28,40.92
526.4,181.3,962.4,737.1,5.02,7,40.91
522.5,166.8,859.4,761.5,7.22,28,55.93
443.3,151.9,701.9,850.7,9.63,7,41.27
463.0,186.9,723.3,882.8,7.92,3,21.18
382.8,172.4,851.0,765.1,2.44,90,44.83
331.6,189.1,795.6,809.3,4.6,28,31.91
456.8,156.5,816.9,895.5,5.13,90,59.11
387.8,150.8,922.5,779.4,6.92,28,50.69
472.6,164.9,818.0,871.1,8.17,1,15.08
512.3,177.4,850.2,727.6,2.67,28,52.69
324.2,173.6,867.6,844.0,5.56,28,33.22
457.0,198.6,805.7,879.8,9.0,1,12.81
373.2,172.7,748.0,841.0,7.6,56,45.38
521.0,181.8,815.5,864.1,3.22,28,54.13
378.3,185.6,748.4,898.3,4.19,28,42.91
460.5,151.3,812.7,825.1,6.18,28,52.17
447.3,180.9,920.3,652.1,3.84,28,45.82
411.1,170.7,950.4,703.3,5.52,7,33.78
475.9,175.3,794.1,775.9,3.06,180,54.94
486.9,156.0,849.0,733.8,3.54,14,50.15
450.4,197.0,843.6,732.9,8.28,7,33.32
494.4,206.5,999.8,741.0,5.07,3,26.29
546.2,151.3,780.1,826.9,10.5,28,59.94
416.4,186.1,801.5,819.5,2.48,180,44.37
438.4,195.8,799.6,814.8,7.13,56,43.76
322.9,167.1,788.9,940.7,4.14,28,36.43
503.1,197.3,826.6,835.9,10.53,180,51.13
439.7,187.9,1008.5,725.3,9.09,28,45.06
413.8,205.7,944.7,665.2,5.18,7,29.21
341.6,208.9,733.7,839.3,5.96,28,29.23
524.6,152.5,861.7,799.5,5.01,3,33.44
410.9,176.7,821.2,797.9,6.82,7,34.11
477.0,182.8,895.2,815.2,3.16,14,45.75
354.4,158.8,920.3,805.6,4.85,7,32.46
541.2,170.2,745.0,899.5,4.68,90,60.5
361.0,209.3,1005.3,739.0,8.18,180,34.96
365.9,151.0,989.8,670.8,5.09,14,41.91
517.6,177.2,879.1,725.1,8.7,28,55.15
529.9,200.6,904.8,743.0,6.47,14,44.21
368.8,169.4,824.2,733.3,3.97,3,23.37
428.1,178.8,855.6,855.2,3.88,7,33.17
488.7,208.7,741.7,828.6,11.36,7,35.95
522.0,178.5,866.5,745.3,10.96,7,40.26
407.2,157.9,759.6,903.5,3.12,7,38.25
438.9,153.1,894.1,664.5,8.75,3,28.74
490.6,206.7,803.5,762.4,6.56,7,37.43
488.2,165.9,865.2,824.0,2.59,90,54.66
500.1,180.2,780.7,783.6,7.78,3,25.19
451.1,155.4,979.7,665.7,3.43,7,39.03
344.1,175.4,770.4,847.3,3.16,28,34.89
527.9,205.8,754.2,841.4,9.99,14,41.79
519.1,180.1,753.9,833.8,5.26,28,53.87
503.6,208.3,934.4,768.3,11.5,1,12.29
343.0,165.5,1042.1,698.2,6.22,28,39.26
367.0,180.3,765.9,812.2,7.94,28,38.86
491.0,201.6,1020.5,721.4,8.5,28,45.59
325.3,176.9,820.8,848.2,7.28,28,38.4
545.2,166.8,918.4,760.0,6.67,14,51.04
406.7,201.3,771.7,920.3,6.5,14,33.03
485.4,173.4,886.6,804.2,7.44,7,41.24
524.1,181.8,939.6,774.4,12.09,28,53.18
410.8,208.6,873.5,773.2,3.41,1,13.56
393.4,161.2,804.6,852.1,6.52,7,34.76
460.0,168.1,927.3,687.4,9.24,28,52.95
453.6,151.9,935.6,635.5,5.63,3,31.16
414.1,173.5,873.2,809.7,9.26,3,23.82
458.4,162.0,849.0,707.7,5.71,28,50.97
535.1,190.8,912.6,692.5,4.53,14,47.96
427.6,160.9,762.8,806.0,7.13,56,53.93
365.3,190.5,920.6,667.5,4.9,90,37.06
406.8,165.8,825.5,852.2,2.16,90,47.19
410.6,171.3,949.1,726.6,2.63,14,36.2
350.2,170.9,762.9,871.3,3.12,7,30.92
357.5,193.0,773.4,794.6,7.29,28,35.21
477.4,178.0,867.5,769.2,10.91,28,50.45
398.1,171.7,856.8,763.7,6.33,28,41.61
539.6,201.2,978.4,715.6,3.84,7,35.81
376.0,184.3,998.5,667.3,5.9,3,20.32
342.8,162.8,768.2,880.1,7.58,7,30.04
493.3,204.0,808.4,839.0,9.86,7,35.73
522.6,170.6,878.0,865.3,5.66,3,30.72
384.0,152.3,887.8,813.5,2.87,90,54.85
366.5,179.7,864.4,785.0,8.43,1,10.44
362.7,157.4,952.0,693.8,8.01,28,46.58
440.1,164.3,879.7,675.6,2.67,90,51.52
427.7,194.8,787.2,951.3,9.18,14,35.62
379.7,157.8,836.4,777.5,2.64,28,44.59
330.4,198.4,869.0,732.2,2.07,28,27.72
430.7,206.2,908.3,841.6,8.69,7,31.01
540.6,186.4,795.4,898.4,8.5,28,52.13
470.1,192.6,794.7,764.7,6.25,56,45.56
434.0,192.8,799.5,762.8,10.01,28,46.8
345.5,209.6,743.6,811.5,7.53,56,31.76
378.1,170.5,940.9,729.0,2.33,180,42.91
387.8,159.8,779.4,785.0,6.72,14,43.83
495.9,181.2,934.9,801.7,10.14,28,50.17
521.6,182.0,916.2,821.2,8.35,28,55.06
527.4,160.7,965.0,694.2,13.01,28,57.21
546.5,186.8,783.6,889.7,10.23,28,53.05
545.9,150.8,751.3,857.0,3.87,28,61.26
539.2,205.7,773.7,789.1,4.83,56,52.65
336.5,165.9,873.7,823.8,7.24,7,31.48
351.7,152.4,777.0,793.4,8.77,28,44.57
390.0,156.5,884.6,682.5,2.72,7,36.54
447.2,164.4,784.8,827.4,3.13,28,51.38
342.3,166.4,718.4,834.1,6.94,28,40.29
514.5,152.0,838.2,798.6,3.23,28,57.84
461.9,166.8,957.4,734.1,2.94,14,43.26
444.7,161.6,987.8,722.4,10.13,28,52.8
358.0,172.7,935.7,735.2,7.52,7,30.82
378.2,173.1,917.6,801.8,8.56,7,31.67
356.9,170.3,911.3,720.0,6.43,7,33.31
515.9,169.7,949.7,770.1,5.91,90,56.59
454.4,155.4,801.1,850.2,10.51,7,44.31
489.1,151.5,849.3,745.3,5.37,180,62.57
388.1,162.1,983.5,755.4,4.08,7,35.3
405.4,195.4,798.6,806.4,9.21,28,39.64
413.1,209.4,852.4,702.8,7.69,28,35.18
494.8,205.7,834.8,763.7,11.34,28,46.12
497.6,180.3,853.0,770.3,4.04,28,51.41
367.6,181.9,751.0,869.3,8.84,28,40.5
536.6,168.9,910.1,744.8,9.26,90,61.12
347.8,196.4,1001.2,725.4,6.38,28,29.84
526.1,195.9,757.9,850.5,12.25,3,24.54
343.1,200.7,835.2,818.9,4.33,7,28.27
380.8,203.7,739.9,878.1,7.39,28,34.06
514.7,176.1,779.1,935.3,9.16,28,56.52
361.3,196.0,946.5,635.1,7.5,28,33.76
415.1,198.4,823.1,747.6,9.52,28,40.37
423.5,168.5,830.8,819.8,7.88,14,44.66
376.4,205.8,827.4,857.0,2.39,28,32.81
483.4,155.7,1020.3,688.8,4.19,28,58.16
515.8,209.7,813.7,854.2,12.42,28,47.44
521.2,196.2,952.7,752.0,,28,51.19
398.0,155.6,802.2,826.4,9.69,56,51.06
442.1,189.4,716.9,839.7,2.54,28,45.02
377.1,152.1,869.2,704.0,4.77,90,53.57
376.3,196.2,701.4,856.4,7.6,3,19.7
357.1,198.0,890.9,724.9,7.16,28,37.71
536.2,186.1,804.0,845.1,3.6,28,51.09
524.2,201.4,911.0,710.3,9.01,28,50.71
498.8,155.9,939.9,722.3,3.92,7,43.88
439.1,166.6,919.6,726.6,6.53,28,47.79
432.8,174.9,764.7,920.9,4.24,14,42.77
441.8,152.5,935.2,748.2,2.68,90,56.26
443.4,176.9,965.8,647.8,2.93,14,40.82
419.9,165.9,787.6,831.7,9.75,7,37.63
350.3,173.6,818.7,848.3,6.97,28,39.43
348.9,175.5,954.9,714.4,8.25,14,34.85
539.0,202.8,764.6,848.3,7.76,3,26.78
430.9,166.2,887.4,728.7,5.72,28,48.77
539.2,203.6,951.2,737.6,6.56,28,49.01
357.6,175.6,765.1,914.4,6.2,7,30.38
447.5,169.7,840.6,736.4,5.38,28,48.36
367.8,180.2,878.7,759.5,7.33,28,44.41
378.2,175.1,856.5,872.0,7.95,28,39.43
326.9,165.4,905.5,651.8,7.36,14,33.68
347.4,180.2,816.5,904.6,3.42,7,27.16
530.9,159.1,798.6,784.0,8.25,90,67.02
394.0,171.1,953.4,698.1,3.73,28,41.42
459.9,183.9,782.4,852.4,2.64,1,13.06
427.0,174.8,889.6,662.4,8.18,56,49.86
412.1,199.4,800.4,932.6,6.59,7,31.13
442.3,165.4,858.9,782.1,8.62,28,52.76
363.1,208.2,803.1,937.8,2.45,28,34.64
547.4,197.1,886.8,720.6,13.64,90,55.32
508.2,208.1,979.8,743.4,12.65,90,50.94
490.6,200.3,1001.6,732.9,7.02,7,32.33
427.8,158.5,992.2,669.2,9.55,28,51.08
355.2,181.6,876.1,714.5,3.51,7,27.07
531.8,160.2,953.8,733.3,10.5,28,58.51
398.5,199.1,872.8,787.0,9.0,28,35.84
331.5,185.0,1020.6,718.3,7.06,3,19.18
398.8,165.8,895.2,742.7,8.47,1,9.18
502.7,205.8,934.2,669.5,7.17,3,25.33
463.2,156.9,765.7,812.0,9.91,3,27.08
492.7,183.8,886.3,803.4,9.27,7,37.11
502.5,193.3,976.2,768.6,3.84,90,54.16
368.7,153.5,747.4,808.3,2.69,28,46.28
532.5,185.9,818.0,880.1,10.88,28,55.34
420.7,199.0,1035.5,699.9,7.37,56,45.97
467.0,154.1,806.3,758.7,7.19,28,53.83
320.5,180.7,750.3,821.7,7.42,14,33.5
548.5,165.5,843.7,844.7,9.98,56,59.31
384.6,189.8,855.9,823.7,4.97,28,40.37
334.3,157.1,849.8,713.9,4.44,28,40.12
425.4,206.2,1010.3,706.6,7.28,90,41.3
349.7,203.7,989.5,665.2,7.07,28,33.69
355.0,161.2,948.4,783.0,5.78,28,44.29
465.4,169.4,957.7,767.9,7.06,56,55.81
410.4,185.3,853.3,859.2,8.02,28,43.34
532.0,193.1,956.5,696.7,10.16,56,54.71
393.4,176.6,772.4,827.9,8.5,3,24.19
487.0,159.4,769.4,881.8,3.04,1,14.89
426.1,156.2,935.8,634.4,8.56,28,52.23
471.8,210.0,974.8,707.0,7.21,3,23.65
457.9,177.3,781.4,795.4,2.97,180,54.04
428.7,202.4,910.8,741.4,7.97,1,8.0
538.5,178.9,811.7,749.1,10.41,28,54.91
398.8,205.3,802.5,807.4,6.17,7,26.11
360.8,155.3,787.1,809.4,7.53,90,48.86
476.0,156.8,787.5,886.5,5.24,14,52.66
514.6,205.8,909.0,798.4,4.65,1,11.58
329.3,206.8,807.3,754.2,3.96,1,8.0
423.4,168.9,906.2,813.9,5.59,28,48.98
525.3,171.3,830.6,891.6,9.94,180,57.46
492.4,177.1,956.2,662.3,10.79,180,56.1
548.1,175.0,917.9,763.9,10.64,7,43.93
442.2,161.4,953.8,676.8,3.75,28,45.3
471.8,203.9,737.3,843.5,5.81,3,22.07
389.6,165.2,899.8,756.0,3.18,28,46.6
537.9,192.3,905.0,662.3,10.08,28,54.04
404.3,154.0,862.2,863.5,4.03,7,38.17
489.9,152.3,831.5,903.4,7.6,28,59.05
412.7,189.2,839.6,874.7,8.6,56,45.04
449.2,170.3,816.2,846.3,8.27,1,14.19
485.5,189.3,859.1,802.4,5.33,7,36.32
437.1,155.6,871.5,875.4,5.09,7,39.87
528.6,207.0,784.9,814.7,9.55,3,25.02
416.4,194.9,856.6,708.6,6.66,7,33.83
468.8,202.6,761.3,901.1,3.25,28,46.43
398.7,158.2,809.6,806.2,8.96,3,28.43
413.9,169.2,893.5,720.9,6.31,28,46.02
421.2,172.1,739.1,812.4,6.09,56,47.57
348.9,182.2,806.5,862.8,3.13,90,41.48
341.1,167.8,769.5,833.3,4.28,28,40.09
473.5,153.6,714.6,872.9,5.52,7,42.96
470.8,172.1,811.9,746.2,4.9,3,26.15
472.5,165.3,739.8,883.1,7.72,7,41.24
324.5,173.2,847.3,878.5,4.62,90,36.75
395.1,161.8,969.1,648.2,9.0,90,51.64
365.5,165.7,990.9,695.0,8.71,14,41.29
499.0,187.6,820.5,880.8,4.69,7,40.76
517.9,173.3,802.2,813.5,3.63,28,54.92
376.7,170.7,890.7,823.6,7.8,7,30.21
473.6,182.0,973.6,714.8,11.79,180,54.61
349.8,196.3,947.9,713.9,7.79,7,29.91
383.3,172.7,726.9,823.3,2.1,14,36.32
351.9,185.3,729.7,827.3,3.53,14,32.69
385.2,208.0,896.0,852.2,2.26,3,21.21
475.2,181.3,990.6,715.8,10.18,14,46.2
529.4,204.6,1011.8,725.7,8.8,56,56.19
366.6,197.6,806.6,923.9,5.6,3,17.81
444.7,153.5,833.2,720.9,7.15,28,51.72
481.3,175.7,808.7,899.7,4.84,14,48.22
539.2,191.9,906.9,733.3,9.18,7,37.83
460.3,209.2,1003.3,704.6,2.58,1,10.59
378.7,177.5,803.9,747.4,6.79,7,31.47
463.9,155.6,743.5,864.2,9.13,3,31.33
393.7,183.7,912.9,787.4,7.27,14,38.78
544.5,157.6,873.6,835.0,6.34,56,63.82
411.9,195.1,956.9,717.1,8.87,28,40.29
477.6,180.5,806.8,803.4,9.22,90,56.15
325.3,193.4,937.0,675.1,2.46,14,35.45
412.0,202.2,856.1,887.3,3.67,28,40.13
521.3,187.7,775.7,862.1,9.25,28,52.13
460.4,186.7,813.1,826.3,4.97,7,33.34
422.1,195.3,755.9,904.6,3.12,7,30.19
535.3,200.5,803.2,828.7,4.34,28,49.11
516.4,202.1,911.7,748.9,4.29,28,46.83
394.1,152.2,771.3,865.1,5.74,28,48.98
445.2,183.4,800.6,914.8,7.63,7,38.76
432.7,163.0,813.7,918.1,3.69,180,56.3
465.4,201.6,801.6,934.8,8.96,3,23.7
396.8,188.9,966.4,696.4,4.21,90,41.15
376.2,175.2,969.3,669.1,4.22,56,45.81
529.9,161.3,772.8,918.3,5.02,56,60.63
532.5,170.3,968.8,748.9,11.02,28,53.51
514.0,192.2,932.0,730.6,12.44,7,39.93
545.0,162.3,1013.2,676.8,8.09,28,60.8
491.3,155.6,853.7,846.3,2.87,28,51.09
495.9,203.3,830.5,854.7,5.06,28,44.75
495.4,195.9,880.1,819.1,4.04,7,35.99
430.5,162.0,920.8,670.9,9.41,7,39.74
425.0,167.5,922.6,727.0,2.85,7,35.15
375.3,208.3,868.4,799.2,9.13,28,33.12
468.3,192.5,754.6,795.9,7.85,28,47.95
386.5,186.6,962.2,759.0,5.94,56,41.36
379.3,168.5,966.7,705.3,8.32,28,44.61
454.8,167.9,803.7,772.2,2.52,28,47.6
414.3,152.4,942.8,770.5,8.51,7,36.67
370.3,193.7,863.7,829.7,2.72,28,37.51
507.7,152.6,887.9,813.8,11.08,7,45.53
517.9,150.3,861.0,767.4,8.07,7,47.5
358.6,193.8,974.6,746.2,2.23,1,8.21
321.7,206.9,974.2,658.6,6.97,7,20.49
397.3,195.4,859.8,804.3,2.2,7,31.73
503.4,178.3,777.2,773.0,3.91,28,48.87
513.0,179.2,849.6,829.3,10.75,3,30.9
351.8,176.2,796.1,897.5,5.03,7,31.78
498.1,169.5,822.6,840.8,11.27,1,15.9
346.6,181.3,763.6,885.7,6.14,28,35.65
409.7,175.9,880.3,831.7,7.16,28,43.45
549.7,185.9,801.2,885.1,5.96,7,40.73
364.3,203.9,806.0,799.7,2.8,3,15.69
355.4,209.7,991.2,750.7,8.61,90,32.88
417.2,154.7,823.6,867.9,2.96,28,50.89
462.5,173.1,946.8,800.8,7.21,28,51.48
534.6,160.8,1020.7,723.6,5.59,28,56.22
545.6,171.1,927.6,806.1,5.61,56,60.89
336.0,167.2,814.9,886.1,5.68,56,41.81
351.7,160.5,838.8,833.1,7.37,14,41.29
501.9,195.8,853.3,731.1,10.31,28,49.88
382.2,179.8,872.4,786.2,8.55,7,33.47
523.5,205.2,804.4,898.7,5.68,28,48.95
472.6,152.0,855.2,798.9,6.77,14,52.63
345.7,154.0,916.0,807.6,1.79,1,8.83
511.5,174.2,770.4,801.5,10.2,90,58.15
360.6,154.8,881.2,745.0,3.98,56,46.81
417.4,165.8,760.4,890.8,6.77,7,36.2
447.0,209.2,819.0,817.4,3.75,180,45.41
435.2,162.5,896.9,674.8,9.31,7,39.78
477.8,161.9,772.8,807.9,10.2,28,55.17
470.1,184.4,928.8,788.7,10.6,56,51.03
548.2,179.9,842.4,804.5,3.24,7,40.03
549.9,184.8,775.9,783.8,13.66,28,56.82
438.8,172.6,912.4,640.9,4.37,28,48.42
341.9,199.6,824.8,819.9,3.83,3,15.46
487.4,158.3,768.5,814.4,4.87,14,49.74
544.6,175.7,991.6,699.4,5.64,7,39.24
393.2,191.4,960.3,748.8,6.31,28,39.8
426.1,202.1,881.2,714.4,4.17,3,21.33
417.7,172.2,763.2,905.2,5.38,7,34.29
331.8,184.1,742.5,838.4,6.01,28,37.39
474.6,154.1,879.1,731.7,10.31,7,40.75
401.3,160.2,831.8,896.0,7.57,14,44.69
501.1,154.1,802.6,856.2,8.46,28,61.9
511.4,193.7,979.1,748.1,4.07,28,50.96
508.9,167.3,786.2,808.9,10.85,3,29.85
415.8,193.4,744.6,871.4,2.39,56,40.75
394.0,154.0,748.9,895.3,4.05,28,45.67
492.2,201.8,850.1,795.9,3.02,7,34.12
504.3,200.1,949.2,800.3,9.25,28,46.87
433.0,155.3,912.8,660.1,5.35,28,50.38
525.4,151.4,802.8,917.6,9.48,28,59.84
353.1,153.4,826.1,896.7,4.22,28,43.91
522.2,201.2,879.3,781.4,7.37,28,49.93
342.1,164.1,816.9,801.9,4.84,180,41.87
355.3,182.9,863.9,789.9,2.1,28,35.37
442.8,175.6,946.8,661.7,6.02,56,50.15
335.5,197.7,909.2,800.7,5.98,28,31.75
332.1,179.3,845.1,804.6,5.29,56,40.79
320.1,180.0,1038.4,696.8,2.08,90,36.09
420.4,209.3,769.9,904.6,7.72,7,26.8
498.2,159.0,974.9,678.0,5.57,7,43.52
328.0,199.8,888.8,803.4,1.73,28,30.92
470.0,153.1,867.6,783.2,3.81,14,49.49
509.3,178.7,1018.3,712.6,7.61,28,50.57
358.6,203.2,834.9,752.0,4.02,28,36.52
353.8,189.9,899.8,844.8,6.68,90,36.7
518.0,191.1,840.6,871.8,5.08,14,46.82
509.3,165.8,945.2,777.0,10.42,28,56.32
444.0,175.1,881.7,764.9,4.76,7,37.59
508.4,172.0,828.1,889.4,8.86,28,57.44
341.3,181.3,896.6,714.8,7.16,1,10.61
410.7,177.7,930.5,771.8,5.22,28,43.29
489.7,169.6,804.2,773.9,2.91,28,54.12
379.2,168.3,726.2,885.2,5.96,28,42.33
493.0,165.1,847.4,791.7,12.28,28,55.3
436.0,171.9,728.0,886.5,10.63,14,41.65
492.6,159.0,750.6,876.8,4.64,1,12.77
426.9,202.3,882.0,832.0,8.59,3,22.12
404.6,186.1,740.3,861.1,4.81,180,46.42
370.4,158.0,834.8,864.2,3.04,90,44.73
367.9,191.6,858.0,706.8,6.74,7,29.21
492.8,200.9,845.3,857.9,7.4,7,34.33
347.3,164.3,1024.4,684.0,5.48,14,39.34
339.8,159.0,957.7,672.6,7.32,28,40.84
360.5,150.5,911.3,783.2,4.23,14,39.37
360.3,152.8,1031.2,701.8,6.61,3,24.53
509.3,195.7,992.2,717.9,6.28,14,42.74
411.7,209.2,810.5,817.6,2.41,7,30.61
547.8,152.7,926.2,720.6,6.88,7,46.72
351.6,194.9,802.7,903.2,8.44,7,26.2
470.3,154.3,889.0,719.5,6.9,28,56.42
423.2,185.5,895.9,814.9,3.03,28,41.35
410.4,195.4,731.1,884.5,7.7,7,28.79
521.3,171.6,840.4,870.8,12.65,28,56.39
544.4,150.7,929.9,637.4,12.61,28,60.04
520.8,185.7,775.3,783.5,8.56,28,50.29
364.2,209.5,834.9,914.6,4.56,90,36.87
370.8,165.5,824.2,899.6,6.16,3,24.23
470.9,161.4,901.1,825.5,10.04,56,54.7
386.5,157.4,1003.1,737.2,8.59,28,46.03
489.0,183.3,923.2,714.5,10.45,28,48.84
